{
  "OptimizeVertexCache" : true,
  "UseCompression" : true,
  "CompressedVertsRange" : 16383,
  "CompressedColorsRange" : 16383,
  "CompressedUnitVectorRange" : 16383,
  "Materials" : [ {
    "Profile" : "COMMON",
    "Technique" : "lambert",
    "MaterialName" : "lambert1",
    "AmbientColor" : "#000000ff",
    "DiffuseColor" : "#666666ff",
    "EmissiveColor" : "#000000ff",
    "SpecularColor" : "#000000ff",
    "Shininess" : 0.0,
    "UsesTransparency" : false,
    "TextureEntries" : [ ]
  } ],
  "Scene" : {
    "Type" : "Node",
    "Name" : "Gallery_wo_Lightmap_02",
    "Transform" : {
      "Translation" : [ 0.0, 0.0, 0.0 ],
      "Scale" : [ 1.0, 1.0, 1.0 ],
      "Rotation" : [ 1.0, 0.0, 0.0, 0.0, 1.0, 0.0, 0.0, 0.0, 1.0 ]
    },
    "Children" : [ {
      "Type" : "Node",
      "Name" : "Canvas",
      "Transform" : {
        "Translation" : [ 0.0, 0.0, 0.0 ],
        "Scale" : [ 1.0, 1.0, 1.0 ],
        "Rotation" : [ 1.0, 0.0, 0.0, 0.0, 1.0, 0.0, 0.0, 0.0, 1.0 ]
      },
      "Children" : [ {
        "Type" : "Node",
        "Name" : "CanvasShape",
        "Transform" : {
          "Translation" : [ 0.0, 0.0, 0.0 ],
          "Scale" : [ 1.0, 1.0, 1.0 ],
          "Rotation" : [ 1.0, 0.0, 0.0, 0.0, 1.0, 0.0, 0.0, 0.0, 1.0 ]
        },
        "Children" : [ {
          "Type" : "Mesh",
          "Name" : "CanvasShape[initialShadingGroup]",
          "Transform" : {
            "Translation" : [ 0.0, 0.0, 0.0 ],
            "Scale" : [ 1.0, 1.0, 1.0 ],
            "Rotation" : [ 1.0, 0.0, 0.0, 0.0, 1.0, 0.0, 0.0, 0.0, 1.0 ]
          },
          "Material" : "lambert1",
          "MeshData" : {
            "VertexCount" : 4,
            "VertexOffsets" : {
              "xOffset" : 30230.736,
              "yOffset" : 2066.2014,
              "zOffset" : -32398.838
            },
            "VertexScale" : 5.002661E-4,
            "Vertices" : "#牫#牪##耟#####",
            "Normals" : "䀡###䀡###耡###",
            "TextureCoords" : [ {
              "UVOffsets" : [ 2.045925, 2.0459733 ],
              "UVScales" : [ 8.693579E-4, 9.736228E-4 ],
              "UVs" : "#ࠡ#ࠠ##ࠡ#"
            }, {
              "UVOffsets" : [ 8.312526, 7.5430307 ],
              "UVScales" : [ 2.3581076E-4, 2.6409223E-4 ],
              "UVs" : "#ࠡ#ࠠ##ࠡ#"
            } ],
            "Indices" : "#%%&'%",
            "IndexModes" : [ "Triangles" ],
            "IndexLengths" : [ 6 ]
          }
        } ]
      } ]
    } ]
  }
}