{
  "OptimizeVertexCache" : true,
  "UseCompression" : true,
  "CompressedVertsRange" : 16383,
  "CompressedColorsRange" : 16383,
  "CompressedUnitVectorRange" : 16383,
  "Materials" : [ {
    "Profile" : "COMMON",
    "Technique" : "lambert",
    "MaterialName" : "Model_01_Mat",
    "AmbientColor" : "#000000ff",
    "DiffuseColor" : "#ccccccff",
    "EmissiveColor" : "#000000ff",
    "SpecularColor" : "#000000ff",
    "Shininess" : 0.0,
    "UsesTransparency" : false,
    "TextureEntries" : [ {
      "Slot" : "diffuse",
      "TextureReference" : "Lightmap_01_1-sampler",
      "TextureSource" : "Lightmap_01.jpg"
    } ]
  } ],
  "Scene" : {
    "Type" : "Node",
    "Name" : "Gallery_wo_Lightmap_02",
    "Transform" : {
      "Translation" : [ 0.0, 0.0, 0.0 ],
      "Scale" : [ 1.0, 1.0, 1.0 ],
      "Rotation" : [ 1.0, 0.0, 0.0, 0.0, 1.0, 0.0, 0.0, 0.0, 1.0 ]
    },
    "Children" : [ {
      "Type" : "Node",
      "Name" : "polySurface1",
      "Transform" : {
        "Translation" : [ 0.0, 0.0, 0.0 ],
        "Scale" : [ 1.0, 1.0, 1.0 ],
        "Rotation" : [ 1.0, 0.0, 0.0, 0.0, 1.0, 0.0, 0.0, 0.0, 1.0 ]
      },
      "Children" : [ {
        "Type" : "Node",
        "Name" : "polySurfaceShape1",
        "Transform" : {
          "Translation" : [ 0.0, 0.0, 0.0 ],
          "Scale" : [ 1.0, 1.0, 1.0 ],
          "Rotation" : [ 1.0, 0.0, 0.0, 0.0, 1.0, 0.0, 0.0, 0.0, 1.0 ]
        },
        "Children" : [ {
          "Type" : "Mesh",
          "Name" : "polySurfaceShape1[lambert12SG]",
          "Transform" : {
            "Translation" : [ 0.0, 0.0, 0.0 ],
            "Scale" : [ 1.0, 1.0, 1.0 ],
            "Rotation" : [ 1.0, 0.0, 0.0, 0.0, 1.0, 0.0, 0.0, 0.0, 1.0 ]
          },
          "Material" : "Model_01_Mat",
          "MeshData" : {
            "VertexCount" : 1710,
            "VertexOffsets" : {
              "xOffset" : -6077.4414,
              "yOffset" : -160.33694,
              "zOffset" : -6220.3486
            },
            "VertexScale" : 0.0030443454,
            "Vertices" : "⾩-[ၿ###$%#$&'#&&'#&&'#&&'#&&'#&&'#&$%#$########%$#%'&#''&#''&#''&#''&#''&#'%$#%Ơp#q̓#̐$ͣr#s͞r$s̕#̒#͡p&s͞r#s͡p#qͤ#̓#̎$̑'ͤ#%#α$#%͠#̓#⬐.#/./#./.#/./#./0#101#0#1#0#1#0#1#0#1#010#1#0#1#0#1#0#101#010#1.#D#E#D#E#D#E#D#·#¶#·#¶#·#¶·#¶#·#¶#·#¶###·#¶#·#¶#·###¶#·#¶#·#¶#Å###############٣####+૭*k###஀9#8஁###l-c#ଶ-૭,ଶ9a,V8#9୫###b,m#ବ,૭-ୀ9#898m-*#:#ଅ૬:૭;#:#૔૭:૬¾#####௩######jkl୔૭૬Ômlଷmj઄૭૬Amlß૭#૬૷#Y#୪#Y#+૭#૬ᦟ#ཥ##1#0཰/#./#ཥ#}1#0ဤ1#0ဳ0#1#}1࿌#ཥ#࿊1{#z0#1ဗ1#0|#0྾#ཥ#࿊1#010#####ཥཤ#ཥ####ཤཥ#ཤ###########ဳ############ཤཥ#ཤ#࿋#ཤཥ#ཤ#ཥ#ཤཱི#o#ဖ#o#ૼ9/8-8/9º8/9Ȟ#ѹ##7#6Ѹ#ѹ#Ҍ7#6ҍ7#6Ѹ#ѹ#Ҍ7#6ҍ7#676#7Ҡ7#67#ѹ#Ѹ6#7ѹ#Ѹ#ѹ#Ѹ#ҍ###Ҡ###ҍ#Ѹ##ѹ#Ѹǽ/#.¯/.¯/#.®/.╸%#$%痥#痤࿱#ª#㣧###㣴#;#:¹%¢¯###®ᡛ#ᡚ£᠏Vᡚ¯᠇#᠆៏ₗ#ₖW⁣#ₖ[ #⁞Æ,˅)Ǵ<î=΍-˄(˝>î?#D,eTïÎɦˁ|ƺCîÏɥˀƹȄd;CĤG%2γ$57䉧ೱ#೰೮೯#೮೮೯#೮೰ೱ#೰೮೯#೮೮೯#೮೰ೱ#೰೮೯#೮೮೯#೮೮೯#೮獓ೱ#೰೮೯#೮೮೯#೮೰ೱ#೰೮೯#೮೮೯#೮೰ೱ#೰೮೯#೮೮೯#೮೮೯#೮䁅$o%l$o%n#o#n#o#p%o$p%o$r'o&p%o$r'o&r'o&p%o$p%o$n#o#n#o#l$o%l$o%j&o'l$o%j&o'j&o'j###⍒*૭+*5#4ໝཥ#ཤ´###ያዪ#ያ####ዪያ#ዪL###########ጽ###########JK#Jዪያ#ዪLM#LጕK#Jዪያ#ዪLM#LጕK#Jዪያ#ዪLM#LጕK#JጔM#LጕK#Jዪያ#ዪLM#L䴤̅#̄´˓ç̄#̅æ˒Ǩ#º#ȑŸ#Ź¼Ŷ»Ź#Ÿºŷϝ$é#è#é#è%ç#####І́%Ϝ½́#̀¼ϝ$̀⌅9/8ᖰ0#1«1#./0#10#¸1­/᠇&⁣1#010#101#0⁢' #⁎\\Y´edň9ï:ÈFÍEY˅%ʼˍî9íĮ-˄$̟DËGî:Ƭ/ğe}d:Z]Ô,ƺ;<ÌƋ~ʽÊbʼËƻßÍì|䎋ೱ#೰೮೯#೮೮೯#೮೰ೱ#೰೮೯#೮೮೯#೮೰ೱ#೰೮೯#೮೮೯#೮೮೯#೮獓ೱ#೰೮೯#೮೮೯#೮೰ೱ#೰೮೯#೮೮೯#೮೰ೱ#೰೮೯#೮೮೯#೮೮೯#೮獓ೱ#೰೮೯#೮೮೯#೮೰ೱ#೰೮೯#೮೮೯#೮೰ೱ#೰೮೯#೮೮೯#೮೮೯#೮獓ೱ#೰೮೯#೮೮೯#೮೰ೱ#೰೮೯#೮೮೯#೮೰ೱ#೰೮೯#೮೮೯#೮೮೯#೮獓ೱ#೰೮೯#೮೮೯#೮೰ೱ#೰೮೯#೮೮೯#೮೰ೱ#೰೮೯#೮೮೯#೮೮೯#೮獓ೱ#೰೮೯#೮೮೯#೮೰ೱ#೰೮೯#೮೮೯#೮೰ೱ#೰೮೯#೮೮೯#೮暇ೱ#೰೮೯#೮೮೯#೮೰ೱ#೰೮೯#೮೮೯#೮೰ೱ#೰೮೯#೮೮೯#೮೮೯#೮獓ೱ#೰೮೯#೮೮೯#೮೰ೱ#೰೮೯#೮೮೯#೮೰ೱ#೰೮೯#೮೮೯#೮೮೯#೮#೯#೮〫;Eูq%Ⴤ:DᏭsrጮ.Xဵs#ฐ?4ჷqp᎞)Bឆ/#ᛉ<3ᚾ./ᥧ(Eᦂ#.㟃0#㞨#.¾#1½##ኇ7#ኚ##ᛱ76ᛰ##ኛ67ኚ##ᜅ6#ᛰ##ኛ67ኚ##ᜅ6#ᛰ##ኛ67ኚ##ᜅ6#ᛰ##ᾏ#oῚ##ῧ#zᾎ##ᾏ{.Ὶ##⼩}|Ḟ5,ḗ}n⣶#+⤻#nḤ-4ໝz{ᦦ+*ᦧzo່-Y฽#o່#cḱ#nᷤ#Xḍ#}⥸#Y⣩1o⤺`Yᦛ/#ᦞ`a⣡10ᷖ#X຿/#໔cXḍ10Ḗcbପ#YXa*+#`ťTUڋ#ȑ#Ȑ#ȑ#Ȑ#ȑ#Ȑ#ȑ#Ȑ#ȑ#Ȑ#ȑ#Ȑ#ȑ#Ȑ#ȑ#Ȑ#ȑ#Ȑ#ȑ#Ȑ#ȑ#Ȑ#ȑ#Ȑ#ȑ#Ȑ#ȑ#Ȑ#ȑ#Ȑ#ȑ#Ȑ#ȑ#Ȑ#ȑ#Ȑ#ȑ#Ȱ#ܢ#ܣ{#z##ܢ#ݻz#{#z#{z{#zܢ#ܣ#ܢ#ܣ##ܢ#ܣ{###ݺܣ#ܢܣ#ܢ##ܣ#ܢᎁ.#/ݺ#ݯ#ݮ#ݯ#ݮ.#/##ݯ#ݮ#ݯ#s0d#s0#1#0#1#0#101r#ޮ0q#b0#1#0#101c#b0#1ޯݮ#ݯ####ݮݯ#ݮ####ݯ#s#޾#ݯ#޼#q#޿r#srݮ#ݯݮp#qp###########ࠍ###########f#Y#dݮ#ݯ#ݮ#ݯޮ#W#/#ݯ#ݮ.#/##ݯ#ݮ#ݯ#s0d#s0#1#0#1#0#101r#ޮ0q#b0#1#0#101c#b0#1ޯݮ#ݯ####ݮݯ#ݮ####ݯ#s#޾#ݯ#޼#q#޿r#srݮ#ݯݮp#qp###########ࠍ###########f#Y#dݮ#ݯ#ݮ#ݯޮ#W#އ.#/ݺ#ݯ#ݮ#ݯ#ݮ.#/##ݯ#ݮ#ݯ#s0d#s0#1#0#1#0#101r#ޮ0q#b0#1#0#101c#b0#1ޯݮ#ݯ####ݮݯ#ݮ####ݯ#s#޾#ݯ#޼#q#޿r#srݮ#ݯݮp#qp###########ࠍ###########f#Y#dݮ#ݯ#ݮ#ݯྀ#Ҡ#ҡ#Ҡ#ҟ#Ҟ#ѳ7#6±##7#6###±6#7#6#767#6##6#7###6#767#6±#7###°#####6###OҞ#ҟ%Ҡ#ҟ%Ҡ#ҡ$Ҟ#ҡВ#㏿#㏾#㏿#㏂᭥#᭤#᭥#᭤#᭳#᭲᭳###0#᭤#᭳#᭲#᭳###᭲#᭥#1#᭲#᭳###᭲#᭥#ᜂ+#*#+#*#+#*+*#+##<#5#΄#΅#΄#΅#΄#΅#΄#ͳ#=#<#=#<=#<ϼ###############################################################################࠭#g%f$i#d$g'd&i%b&g'b&g'd$g'd&i%f#g%f$i#h%g#h#i$j'g$j%i&j'g&j'g&j'g$j%i&h%g#h#i$Ȇ#ȑ#ੳ.#/ݺ#ݯ#ޮ#W#ಏᔬ#ᔭ####ᔬᔭ#ᔬ####ᔭ#K#ᕔ#ᔭ#ᕔ#K#ᔭ#K#ᕔ#ᔭ#ᕔ#K#J###########ᕽ###########J#K#J#K#J#K#ᕔ#ᔭ#ᔬ#ᔭ#ᕔ#K#J#K#J#K#̨Γ#Βu̓$Β#Γ%͂޳#X#μϳ#ϲÄџYϲ#ϳXў%Ã#ÄÅ####Â$ÅÄ#Å###Â$Å###Ä%Ã##Ҟ#ᰯ1᭲#᭳0#10#᭤#᭥1#010#1#0᭤#᭥#᭤#᭳0#1#0#1ᬬU#TЭ#Ϻ#ϻ=#<##Ϻ#Е#<#=#<##=#<Ϻ#ϻ#ϺT#U##ϻ#ϺT#UTU#TЭϺ#ϻϺϻ#Ϻϻ#Ϻ##ϻ#Ϻ$###############################################################################################################################################################################################################################################################################################################################RU#٫#{۴U#٫#{ۂTU٫{zʀ+#ˑz#ʀ+#໋#/ໞ+#໋#/ໞ+#ݳ/#ྟ10ྞ./ྭ0#ࡆ.e࿜67࿝XY࿰7#ྛed༌6#ལd#༠76༭Yd༠#7ཏ#X༬#7ށc#ࡢ7#ࡃVcࡎ67ࠏ#W/bcbW/bWV#WV#W/#bcb#Wݻ#/ކVcݯ#/޺c#./#ޱ#Xݺ./ݻYd/.e#d#eXYded#edeXY#d#/.eXYdݮ./ޱ#Xކ/#bc#ݯ#/ކVcݯ#/޺#W/bcbW/bWV᪅\\;❁&#''&#'%$#%'&#'########&'#&$%#$&'#&&'#&()#(&'#&$%#$$%#$$%#$%$#%%$#%%$#%'&#'Ǒr#s%r$sps#r̔#̓#̐r$s%#̓#ͤs#rur#s͡#%#ͤ̓%̒̑#̒#%̓#̒t#%#ޓ#ས##.#/ཱི.#/.#ས#z0#1ဥ0#1ဲ1#0#z0࿍#ས#࿍0z#{1#0ဖ0#1{#1྿#ས#࿍0#101#####སཧ#ས####ཧས#ཧ###########ဲ############ཧས#ཧ#࿌#ཧས#ཧ#ས#ཧི#n#ဗ#n#.ས#ཧᷰ4#54-૬,X6#7୫###୾7#6m-b6ଷ-૬,ଵ#`,k###୪6#7c,l7ଭ,૬-ଫ#####j-,#8#૖૭8૬9#8#ଃ૬8૭,#####ଖ######kjmઃ૬૭Blk଴lkୗ૬૭ÕjmM૬#૭૶#X#୫#X#*૬#૭ᆘ.#/./#./.#/./#./0#101#0#1#0#1#0#1#0#1#010#1#0#1#0#1#0#101#010#1.#D#E#D#E#D#E#D#·#¶#·#¶#·#¶·#¶#·#¶#·#¶###·#¶#·#¶#·###¶#·#¶#·#¶#Å###########↳9#8ഥ7#676#7ཤ4#545#4#5#454#5ᆛ#ᆚ#ᆛ7#6##ᆚ#ᆯ6#76#ᆚ#ᆛ7#676#76#ᆚ#4###ᆭᆚ#ᆛᆚ#ᆛ##ᆚ#ᆛ7###ᆮ#ᆛ#མ#ഏ#ത###ഥ#എ#ണ###㕋璨#璩璨$#%䢛###㣦#«#㡑#ₖ#ₗ#⁢V]⁝#⁜\\ᡘ#ᡙW᠎ ᡙ]᠈#᠉ᢒ:#;¡$¶;­###̉=ï<Ό,˅)Ǵ<ð?õ(ˁ-#39F.ˀƹBïÎɤˁ~ƸCîÏźG%4ˍe:BȠ;C-嬅#೮#೯#೮#೯#೮#೯#೮#೯#೮#೯#೮#೯#೮#೯#೮#೯#೮#೯#೮#ᦽ#೰#ೱ#೰#ೱ#೰#ೱ#೰#ೱ#೰#ೱ#೰#ೱ#೰#ೱ#೰#ೱ#೰#ೱ#೰#ㇺ&b'g&b'e$b'e&`%e$b%e$b%c#b#a%b$a%b$_'b&_'b$]'`&]'`&_%`&a%b$a%b#a#`#c$`#e$b%g&b'i(#)ᡮ,૬-,###ۄ###Ⴄ#8#9#8#9#8#9#8#~######################################################佷#ᇁ#ᇀ###ᇁ####ᇀ#ᇁᇀ#ᇁ#ᇀ###ᇁ###ᇀ####ᇁ#ᇀᇁ####ᇀ#ᇁᇀ###ᇁ#ᇀ#ᇁ###⻬8#9ᘽ0#10#⁜(⁣1#010#1⁰)᠈.¸/#.·1#0##ª.¹/#0ʷ,ƺ;âFÍEȕ-˄$˿d|cʲñ:ìĥ˅%ʼˡ8î;Ƽd|e;[\\ʙDËGî:Ƭ-ƣ]XɬËƻ}ȶÌí}ˉì~ǜ|ʽÊඖ#೮#೯#೮#೯#೮#೯#೮#೯#೮#೯#೮#೯#೮#೯#೮#೯#೮#೯#೮#ᦻ#೮#೯#೮#೯#೮#೯#೮#೯#೮#೯#೮#೯#೮#೯#೮#೯#೮#೯#೮#ᦻ#೮#೯#೮#೯#೮#೯#೮#೯#೮#೯#೮#೯#೮#೯#೮#೯#೮#೯#೮#ᦽ#೰#ೱ#೰#ೱ#೰#ೱ#೰#ೱ#೰#ೱ#೰#ೱ#೰#ೱ#೰#ೱ#೰#ೱ#೰#ᦽ#೮#೯#೮#೯#೮#೯#೮#೯#೮#೯#೮#೯#೮#೯#೮#೯#೮#೯#೮#ᦻ#೮#೯#೮#೯#೮#೯#೮#೯#೮#೯#೮#೯#೮#೯#೮#೯#೮#ᦽ#೰#ೱ#೰#ೱ#೰#ೱ#೰#ೱ#೰#ೱ#೰#ೱ#೰#ೱ#೰#ೱ#೰#ೱ#೰#ᦽ#೮#೯#೮#೯#೮#೯#೮#೯#೮#೯#೮#೯#೮#೯#೮#೯#೮#೯#೮#೰#೮#➂Ze⨭sr⤤Yb⦁r#⫪]:⟗#r❖)B⟃#r⠤>5⁛./ᶲ(C⳩.#Ⱚ=2᳝./₦#1⿩.#ࢉ10៌.nᅏ#7ᄊ#zᅏ#7ᅢ#oᄃ#7Ů#nƧ#7ǆ{nဨ5#ဋ{zည45o#oº#4Ùzoº#4Ùz{‪##⿇z/⽺##⽯#{⿆##⿇#n⽺##ۅ#-ێ##ᆡ4-ᆘ##ۏ,#ۄ##ᆡ*,ᆎ##ۏ,Xڎ##ۏ#bڎ##ڏ#Yۄ##ᇗ#Xᆠ##ᆙaXᆠ#.ᆥa`ᆘ#.ڛ#Yۄ./ۏbYې/#ۏbcଫ#XY`+*#a",
            "Normals" : "嚇##⚛ͅ#̈́ऺऻ#ऺ๊๋#๊ᇺᇻ#ᇺᏨᏩ#ᏨᏨᏩ#Ꮸᇺᇻ#ᇺ๊๋#๊ऺऻ#ऺ͂̓#͂̓͂#̓ऻऺ#ऻํ์#ํᇹᇸ#ᇹᏩᏨ#ᏩᏩᏨ#Ꮹᇻᇺ#ᇻ๋๊#๋ऻऺ#ऻ橦###ⵡ###ⵥ###岌###⾛###⽋###岌###媣###ⶾ###Y###䀠###耟###㿪###ⴭ###########################%###$#%#$###########################ⵢ###############################################################䀣###################•###‣###䀢###䀣###•###########•###䀣###•#######•###‣###ൣ###ⵢ###ⵢ###ⵣ###ⵢ###########媣###########ⵢ#######################ⵣ###############ⵢ###ⵢ###媣###ⵢ###ⵣ###媢###媣###ⵢ###########ⵢ###媣###ⵢ#######ⵢ###ⵣ###䀣###䀢###䀠###䀡###䀠###########耡###########䀢###################################ⵣ#######媢###ⵣ###ⵣ###ⵢ###ⵢ###媣###ⵢ###ⵢ###媣#######媢###ⵣ###ⵢ###ⵣ#######䀣###耠###䀡#######䀠###䀡###䀡###䀠###䀣###䀢#######䀣###耠###䀡###䀣###浢###ⵣ###ⵣ###ⶒ###S#######รƞྲྀӎ༙ٓӉѲᰢƟཷӍ᧬ѳڧِ⢧###坶###价###⩃###件###ࢠ###ឆ###撛###㉞###############################################################################➙୦#୧ދފ#ދ˵˴#˵Ȯȯ#Ȯۘۙ#ۘ૚૛#૚෎ා#෎཮཯#཮ྌྍ#ྌศษ#ศ୦୧#୦ފދ#ފ˴˵#˴ȯȮ#ȯۙۘ#ۙ૛૚#૛ා෎#ා཭ཬ#཭ྍྌ#ྍหส#ห⏱̈́#ͅ•###•#######䀣###䀢###䀠###䀡###䀠###########耡###########䀢#######################################################ㄩ###ㄨ#######ᕖ###冽###㲈###################䀣###䀢###1###0###ⵢ###4###宕###Ă###ⵢ###⅟###గ###3#######ⵢ###⡠###ૅ###Ⴐ###फ़###䖋###⁋###㱎###䖋###⭒###ᆉ###ૅ###㒖###ゖ###伵###⓲###伵###㳌###############################################################################################################################################################################################################################################################################################################################⨋##倶##Ϟ##俷##㱴##ྨ##᠏Ѳׯ㋓##Ổӌ૽᝭##᜖ѳ׮ᢑ##Ⲑӏૼ㊿###########ᬱ##攔##攕##ᬰ##ᬱ##攔##攕##ᬰ##ᬱ##攔##攕##ᬰ##ᬱ##攔##攕##ᬰ##ᬱ##䀢##䀣##䀢##䀣##䀢##䀣##䀢########㑣##㑢########㑥##㑤##ⵣ##ⵢ##ⵣ##ⵢ##ⵣ##ⵢ##ⵣ##ⵢ##ⵣ##ࡰ##ࡱ##剔##剕##ࡰ##ࡱ##剔##剕###########ᕃ##⬁###############################################################################⬻###⬺###⬻###########⬺###########䀣###䀢###########ⵢ###ⵣ#######ⵣ###ⵢ###########ⵣ###########ⵢ#######ⵢ#######ⵣ###ⵢ###ⵣ###䀠###䀡###䀣###䀢#######################䀠###########耡###########䀢###################ⵣ###ⵢ###########ⵣ###########ⵢ#######ⵢ#######ⵣ###ⵢ###ⵣ###䀠###䀡###䀣###䀢#######################䀠###########耡###########䀢###############ⵢ###ⵣ#######ⵣ###ⵢ###########ⵣ###########ⵢ#######ⵢ#######ⵣ###ⵢ###ⵣ###䀠###䀡###䀣###䀢#######################䀠###########耡###########䀢##################Ă###Ⳳ###ⵣ###ⵣ###ⵢ###ⵣ###########ⵢ###ⵢ###ⵣ###ⵢ#######ⵣ###䀣###䀢###########䀠###㾁###Ã###Ã###Â#######################䀣###䀢#######䀣###䀢#######䀣###䀢###㸣à#á#à#á#à#áàá#à‶###ፂ###############ፃ###########⋵###############################################################################爆ʾ#ʿޟޞ#ޟேெ#ே໋໊#໋ၛၚ#ၛၛၚ#ၛແເ#ແ஻஺#஻ޏގ#ޏʭʬ#ʭʾʿ#ʾޞޟ#ޞெே#ெ່້#່ၜၝ#ၜၚၛ#ၚເແ#ເ஺஻#஺ގޏ#ގʬʭ#ʬ㒣###ⵢ###ⵣ###########䀠###䀡###䀣###䀢#######################䀠###########耡###########䀢###############################⥄###⥅#######㲅###❜###ᕊ###########䀣###䀢###########䀡###䀠#########ⲁ###Ⲁ###ⵣ###Ǵ###⮐#######ⵣ###Ą###岾###␣###㙭###㙬###㙭###########㙬###␢###␣###␢#######➥###############䣟###############################################################################################################################################################################################################################################################################################################################欀##䶧##䶦##䶧##䶦##䶧##᭽à#᪾##᭽à#扖##挕à#扖##挕à#ᡲ###########└##└##┕##└##┕##┕##└##┕##└##┕##└##┕##└##└##┕##└##┕#######################└##┕##┖##┗##┕##└##┕##└#############################┕##└##┕##└##┖##┗##└##┕###########樉##ᙄᏨ#Ꮹᇻᇺ#ᇻ๋๊#๋ऻऺ#ऻ̈́ͅ#̈́ͅͅ#̈́ऺऻ#ऺ๊๋#๊ᇺᇻ#ᇺᏨᏩ#ᏨᏨᏩ#Ꮸᇺᇻ#ᇺ๊๋#๊ऺऻ#ऺ͂̓#͂̓͂#̓ऻऺ#ऻ๋๊#๋ᇻᇺ#ᇻ䄃###ə###Ȍ###ⶰ###⽊###⾛###ⶰ###o###活###䀠###X######䁖###䀡###ⵣ###媢###ⵣ###ⵢ###媣###媢###ⵣ###########ⵣ###媢###ⵣ#######ⵣ###ⵢ###䀠###䀡###䀣###䀢###䀣###########耠###########䀡###########################################‣###•###䀣###䀢###‣###########‣###䀢###‣#######‣###•###䵢###ⵣ###ⵣ###ⵢ###ⵣ###########媢###########ⵣ#######################ⵣ###############################################################################ⵢ###############################################################䀣###########浢###媣#######媢###############ⵣ###ⵣ###ⵢ###ⵣ###ⵢ###ⵣ#######ⵢ###䀠###䀡###########䀣###䀢#######䀠###䀡###䀣###䀢###䀣#######䀢###R###S#######ⵢ###ⵣ###ⵣ###浠###䀡###䀣###䞜ْӈѳᰣƞྲྀӌّ༙ӉѲ୒ӏᖞƟ㻣###䒸###⩂###价###⩃###滘###䴹###㗔###᫻###############################################################################ܠၺ#ၻᄫᄪ#ᄫုီ#ုඡච#ඡুী#ুӱӰ#ӱ#ךכ#ךઈઉ#ઈาำ#าၺၻ#ၺᄪᄫ#ᄪီု#ီචඡ#චীু#ীӰӱ#Ӱ#כך#כઉઈ#ઉำา#ำ᝹Ꮸ#Ꮹ‣###‣#######䀢###############################################################䀣###############################䀢###䀠###耡###䀢#######䀠###耡###耠###䀡###䀣###䀢###䀠###䀡###䀣###浢###媓###ⵒ###ⵣ#######ద###亰###媵###ⵢ###⹁###㩶###⭒###⦇###⯁###䯨###㱏###⁋###䯨###ૄ###忇###⭒###ᰫ###㫈###⩤###祷###⩤###ኊ###############################################################################################################################################################################################################################################################################################################################ᚈ##㱵##ྨ##࿩##倶##ϟ##ⷋӎ૽㎸##㐏ѳ׮ᢑ##ⲎӍૼᝪ##᜕Ѳׯ㆛#####䨊##䨋##┖##┕##└##┕##└##┕##└##┕##└##└##┕##└##┕##└##┕##└##┕##䀣##䀢##䀣##䀢##䀣##䀢##䀣##௢##௣##䀢##䀣##௢##௣##䀢##䀣##ዢ##ዣ##ዢ##ዣ##ዢ##ዣ##ዢ##ዣ##ዢ##࡮##࡯##࡮##࡯##ࡰ##ࡱ##ࡰ##ࡱ###########",
            "TextureCoords" : [ {
              "UVOffsets" : [ 2.0459538, 2.1096485 ],
              "UVScales" : [ 9.736227E-4, 8.8353443E-4 ],
              "UVs" : "٩(1ʀ##%#$%#####%$#%####%$#%#######%#$%#####%$#%####%$#%####2$#%####%$#%#######%ȭ'ž#œ3M4J#Ř#ǽ5*$-43J2Ŏ#Ž#ƀ#Ž$#ź(řÇLKƊſ)ƀŷJŘ)'Ž&ż˧###©#¨#©#¨#©#####¨#©#¨#(%'#(%#$#%#$#%#$%$)#­%(#'%#$#%#$%$&#'%#$¬©& &#'#¥¨'¡'#&#¤#(#¯#¨#¯#(#®)#()©#¨©)#(3#,#-#,#-#,#´#,#-#,#-#,#3#&#'©#¨#©#¨­#&#Ӷ#¨#©#####¨#©#¨#(%'#(%#$#%#$#%#$%$)#­%(#'%#$#%#$%$&#'%#$¬©& &#'#¥¨'¡'#&#¤#(#¯#¨#¯#(#®)#()©#¨©)#(3#,#-#,#-#,#´#,#-#,#-#,#3#&#'©#¨#©#¨­#&#ɯ###©#¨#©#¨#©#####¨#©#¨#(%'#(%#$#%#$#%#$%$)#­%(#'%#$#%#$%$&#'%#$¬©& &#'#¥¨'¡'#&#¤#(#¯#¨#¯#(#®)#()©#¨©)#(3#,#-#,#-#,#´#,#-#,#-#,#3#&#'©#¨#©#¨ό#¬#­#¬#­#¬#Ł'#&7#2#3%#$##2#5$#%#$#%$#%¤#3#2&#'##3#2&#'¹&#'¨2#3%##¢3#2¥#3#´3#2#@¬#­#¬#­#¬#­#¬#­¼#ł#Ń#ł#̙õ#ô#õ#ôǁê#ëê&#'&#ô#ù#ë#î#'#ø#õ#'#ë#î#'#ø#õ#˧$})ê&)Ë$Y'`)l$#&())m£NĞZĠ`¥[µJ+%$Č-%&Ë'&(Xe#dde#dbc#bde#dde#dde#dde#dde#dde#dbc#bɱe#dde#dbc#bde#dde#dde#dde#dde#dde#dbc#bÔ$.#1#0%/#.#/#.#1$.#1#0%/#.#1$.#1#0%/#.#/#.#1$.#1#0%/#.#/#.#1$.#1#0%%$.%/#.#/#.#/$%#ƀ###©#¨#Ϳ#&#ǰ###Ńł#Ń####łŃ#ł,+#*#+#*#+#*ő)#(#)#(#)#(&'#&łŃ#ł$%#$Ņ'#&łŃ#ł$%#$Ņ'#&łŃ#ł$%#$Ņ'#&ń%#$Ņ'#&łŃ#ł$%#$6¢#¡%°1£$ 0¯ƞ%6#µ $¡##¡$ #433B$3%47145#2$5#%&6Ů#¬#ʻ#ô#õ#####ô#õ#########ô#õ#ô#õ#######ɗ'f*Ǘ*ä%D+&, /ſX&UTh&gl)|$0)Ñ(Ê2C1z+¹(²0S-\\)\\2Ag¡CåTÐx]WÑf¸Çe#dde#dbc#bde#dde#dde#dde#dde#dde#dbc#bɱe#dde#dbc#bde#dde#dde#dde#dde#dde#dbc#bɱe#dde#dbc#bde#dde#dde#dde#dde#dde#dbc#bɱe#dde#dbc#bde#dde#dde#dde#dde#dde#dbc#bɱe#dde#dbc#bde#dde#dde#dde#dde#dde#dbc#bɱe#dde#dbc#bde#dde#dde#dde#dde#dde#dȱe#dde#dbc#bde#dde#dde#dde#dde#dde#dbc#bɱe#dde#dbc#bde#dde#dde#dde#dde#dde#dbc#b#c#bǯ3(<523.P#3ß03:45Ï('Ŋ2=Ż&%&##ü('ÿ##('ħ##ц##ч##ц##ρ#&Բ&'Գ'&Զ'#Է&'Ԥ$#ԣ'#Ԧ%$ԧ&'Ԧ#%ԡ#'Ԧ#%֯&#׀'#ֽ'&ּ&'ׁ#&Ȥ'&ȩ&#Ƞ&'ȥ&'Ȥ&#ȥ'&Ƞ#&ͺ##ͻ'&ͺ##Ϳ&#˴##ɫ#'ɮ##ɯ&'˴#&˵'#˸'&˹&'˴&'˱'&˴'#˵#&˰&'ͻ##;#'ͻ##˰&#ɯ##ɮ'&ɯ##ɪ#&#'&'&#'&'֝0'ĕ######################################ĺ;=:¾*7¸7%8-1£8Ē8£1ª3.Ů:3;Å8=;ķ=¼$,ř<Á=Ȇ¡#¼Ô3É<̹#ř##%#$Ś%#$%#ř#+%#$Ũ###ū$#%,#+%Ţ#ř#Š#+#*###ũ%#$*#-$Š#ř#Š#####+###)#œŘ)ŏ'#&#Ŕř&Ŏ</#.#/#.#/#.ŷ#-%.#/$,#/#8-#,Řř#Ř*+#*š-#,Řř#Ř*+#*+ř#Řś#)#Ũ#)#%ř#Ř#####ś#)%#$Ũ%#$ū$#%*#)%Ţ#ś#Ţ%)#($#%ŧ%#$(#+$Š#ś#Ţ%#$%$+###)#ŕŚ)ŏ)#(#Ŕś(Ŏ</#.#/#.#/#.ŷ#/#.#/#.#/#6+#*Śś#Ś*+#*ţ+#*Śś#Ś*+#*+ś#Śś#)#Ŧ#)##ś#Ś#ś#####Ś#####ś#)%#$Ũ%#$ū$#%*#)%Ţ#ś#Ţ%)#($#%ŧ%#$(#+$Š#ś#Ţ%#$%$+###)#ŕŚ)ŏ)#(#Ŕś(Ŏ</#.#/#.#/#.ŷ#/#.#/#.#/#6+#*Śś#Ś*+#*ţ+#*Śś#Ś*+#*+ś#Śś#)#Ŧ#)#Ӯ'$&Ȁ'#&7'#&0#¿%$'#&¾#Á$Â'#&̍$ɦ$˿#´$##ɪ#ɭ&#'&%ɪ%́&#'&#¶%$#ɪ#$#¾#̉ɪ#ɫɨ#ɧ#%ɪ#ɫ%#µ#˾#ɫ#ł#ǖ#ǫ$0#ǫ#ǘ%ǲ#2#$˯#ˮ˯˷#˶#)#͢#'#͙#Į#į#Į##į#Į#ľ#Ŀ#ľ#Ŀ#ľ#Ŀľİ#ı#İ#ı#İ#ıտ(#÷&%Ē(ª#±#£(#)$,/¢£qE·g&¿cǮ°wì0+)Ɲ,+'Ĝ))#Ֆ#k#j#k#j#k#j#k#j#k#j#k#j#k#j#k#j#k#j#k#²#k#j#k#j#k#j#k#j#k#j#k#j#k#j#k#j#k#j#k#١%2#1#0$3#2#3#2#1%2$3#2#3#2#3#2#1%2$3#2#3#2#3#2#1%2$3#2#3#2#1%2#1#0$=%2$3#2#3#2#:##o#ś#####ôś#ŚƄ#ƅ####Ƅƅ#Ƅ####ƅ#'#ƈ#ƅ#ƈ#'#ƅ#'#ƈ#ƅ#ƈ#'#,#)#(#)#(#)#ƍ#)#(#)#(#)#,#'#&#'#&#'#ƈ#ƅ#Ƅ#ƅ#ƈ#'#&#'#&#'#5(ʄ(ʧ(8)ʐ)8*;ʑ#ʐʓ$ʐ$ʱ*8%ʔ%6,ʿ4&#'ʌ'ʅʈ49##ʅ#ʄʍ&51ʰ'ʍ'ʰ15&ƾ'#&Ɨ###(#Į#į#####)#Ĵ#ľ#Ĵ###'#####&#ĵ#İ#ו5Y0İ1R2ǝ%(-Ä,ð«(¤±(¡%*Š./#~)Ý,¥-®&x/m1g*ĵìXÅǌS¥~ĉÄfz¤̄#k#j#k#j#k#j#k#j#k#j#k#j#k#j#k#j#k#j#k#²#k#j#k#j#k#j#k#j#k#j#k#j#k#j#k#j#k#j#k#´#m#l#m#l#m#l#m#l#m#l#m#l#m#l#m#l#m#l#m#´#k#j#k#j#k#j#k#j#k#j#k#j#k#j#k#j#k#j#k#²#k#j#k#j#k#j#k#j#k#j#k#j#k#j#k#j#k#j#k#²#k#j#k#j#k#j#k#j#k#j#k#j#k#j#k#j#k#²#k#j#k#j#k#j#k#j#k#j#k#j#k#j#k#j#k#j#k#´#m#l#m#l#m#l#m#l#m#l#m#l#m#l#m#l#m#l#m#k#k#ύ#/`$6ċ+-Ɗ6/(,n00ř#(Ƽ2(ŋ#(̡%$Ɯ$&k%#Ö#(ȓ%$ࠆ##ۏ%#Κ##ӑ%)Ҏ&#ҋ#+Ԧ$'ԥ#(Ҍ'&͍#)Ϩ%%ϧ*)ی&'ۏ*+خ&%ݯ#(ࠆ&'ࠅ+(ݦ$$ݩ+*Ť#)$+$&#(/#*&)#$#)ŗ)(##)(ǀ##Ǉ#(##ô()##()õ#)Ā#)õ#)#(#(#)ǌ#)ǁ#)ǆ()##()ǁ###(ô##õ)(##)(Š#)()###("
            }, {
              "UVOffsets" : [ 1.9624658, 2.046 ],
              "UVScales" : [ 9.706085E-4, 9.7362266E-4 ],
              "UVs" : "Ѝ%-ň%#$########Ǎ#######$%#$####ƴ#######$%#$####$%#$3###%$#%####%$#%####D###$%#$Ň,#-ɑ##˪0#1±##Ǹ# #ǩ##Ŭ0#1­0%11##̟#'ɞ##4#Ǩ#¡$ȳ$#%Ī#ĩ#Ĩ#ĩ#Ĩ$#%##ĩ#Ĩ#ĩ#/$,#/$#%#$#%#$#%$%.#İ$-#*$#%#$#%$%+#*$#%Э#'#Ã#(#͂#(#~#'#X7#6#7#6#7#6E#9#8#9#8#9#ʙ1#0Ɉɉ#Ɉ01#0ɗ1#0Ɉɉ#Ɉ01#0#+#,Ĩ#ĩ#Ĩ#ĩİ#)#Ƶ#ĩ#Ĩ$#%##ĩ#Ĩ#ĩ#-$*#-$#%#$#%#$#%$%,#Ĳ$/#,$#%#$#%$%-#,$#%ʋ#)#ZɈ#ɉG#&#û#'#΢9#8#9#8#9#8ȁ#9#8#9#8#9#1#0Ɉɉ#Ɉ01#0ə1#0Ɉɉ#Ɉ01#0œ#)#*Ĩ#ĩ#Ĩ#ĩĲ#+#Ȏ$#%Ī#ĩ#Ĩ#ĩ#Ĩ$#%##ĩ#Ĩ#ĩ#/$,#/$#%#$#%#$#%$%.#Ĳ$/#,$#%#$#%$%-#,$#%ĳ#)#Ց#(#Ո#&#Ʊ#'#l7#6#7#6#7#6U#7#6#7#6#7#ʋ1#0Ɉɉ#Ɉ01#0ɩ3#2Ɇɇ#Ɇ01#0Ǻ#+#,Ĩ#ĩ#Ĩ#ĩǦ##Э$%%2$#'ɛ##A#0#ݚ##܏#.#.$#%E$#%,%#$&#/#`$#%U#/#Ö##$#%å1#0ܤ##ݛ1#0K#.#+/#.Ê#՜#׹#.$٬#Υ%/$Ɩ#Ź#ˠ#Ż#ѕ#$#Ұ#$#Ɇ¯#®ݛ$#%ؼ#ƾ#ځ#­#ï#ߘ#ƿ#ӥ#­#uÈ#Éݜ#ƿ#(H'Ë%¤#}'K(J%¤$̕*#/ɇ#È#ш£:pѕ¢;q̖¢;qď*''̞-$(Ӊ&*#˅}#||}#|z{#z|}#|z{#z|}#|z{#z|}#||}#|z{#zͅ{%||}#|z{#z|}#|z{#z|}#|z{#z|}#||}#|z{#z˟#.%-#,#/$,#Ҵ#/#.#/#,$/#,#-%8#-#,#-%.#/#,$/#,#-#,#-%ӏ#.#1$.%/#.#/#.#0#,#-#,#/$,#҂###̅$#%Ī#ĩ#Ш#+#ř#%#ҳ#$#3#$#̔#%#Ǧ-#,#-#,#-#,Ư/#.#/#.#/#.ȷ#/#.#/#.#/#F#/#.#/#.#/#í#'#º#'#ְ#'#گ'#&ӌ'#&L#'#ϙ#)#Ϣ#'#̥#ˢs;xĎy8rʁ#4#a#ǠJ5KĎJ4KŽ#;#ȷ#9#͎#9#ύ#7#ͨ#ɟ#͊#Յ%%$ٚ#®#ݙ$#%غ#ƾ#ߗ#%#ؼ###ӥ#­#ծ#ƾ#ڷ###Ԛ###ƈ%Z#ͽ+,,̊%~#,P-̓y$vǃ%Ķ##Ʊ/(.Ƙ&T%µ/'.÷%i$ľ$h%μ.[Q̕-wLMiŁ(U̅}#||}#|z{#z|}#|z{#z|}#|z{#z|}#||}#|z{#zͅ}#||}#|z{#z|}#|z{#z|}#|z{#z|}#||}#|z{#zͅ}#||}#|z{#z|}#|z{#z|}#|z{#z|}#||}#|z{#zͅ}#||}#|z{#z|}#|z{#z|}#|z{#z|}#||}#|z{#zͅ}#||}#|z{#z|}#|z{#z|}#|z{#z|}#||}#|z{#zͅ}#||}#|z{#z|}#|z{#z|}#|z{#z|}#||}#|˭}#||}#|z{#z|}#|z{#z|}#|z{#z|}#||}#|z{#zͅ}#||}#|z{#z|}#|z{#z|}#|z{#z|}#||}#|z{#z#{#z«-.ľ-,Ϙ/,ʿ1#$*Ǧ1#2$)­10)&ʕ#%̘#(̝#%̀&%ȹ%#Ƣ##ƣ$%һ#$ΰ$-ʩ%#ʪ*+̟%$̨-,ͫ$#͞,#ͩ%$ͦ+,͡#%͘#*ͅ#%і+#λ$%μ(+б$#ж#)Ɔ,-Ɓ)%ƒ+*Ƌ)(Ɗ+%Ɖ*+ƒ#+С#%Т*-П#%Ъ-#̗%#Ȉ#*ȑ$%Ȑ+,̛$+̖,#̡()̠-,̙+*̎*+̗*#̖$-̑)*О$%Ч#(Т%#̏-#Ȓ#%ȏ*-Ȓ#%ȇ#+%,-,+%,+*ۧ0/K#w#v#w#v#w#0#w#v#w#v#w#v#w##w#v#w#v#w#v#w#v#w#9#t#u#t#u#t#u#t#u#t#h#w#v#w#Ò#Ŕ#ȭ1#0Ā#Ő#ţ.#/Ś/%0ŉ/#.9#Ő#ő#Œ#ŇŐ#őƃ #¡ʸŕ#Ŕŏ#Ő#ŧŐ$œƂ#Ʉ##$#%ɇ$#%$#Ʉ#0$#%ɡ$#%ɢ%#$3#0$ɕ#Ʉ#ɓ$.#/%#$ɞ$#%1#2%ɓ#Ʉ#ɓ$#%$%0#ʅĨ#ĩ͔ɇ#Ɇȵĩ#ĨŮɆ#ɇʃ#-#Ĳ#ĩ#Ĵ#/#ė.#/.Ħ#ħĦ.#/ʲ#7#6#7#6#7#1#7#6#7#6#7#ŉɄ#ɅɆ#.#ɟ#,#$Ʉ#ɅƟ$#%$#Ɇ#.$#%ɡ$#%ɢ%#$1#.$ɕ#Ɇ#ɕ$.#/%#$ɞ$#%/#0%ɓ#Ɇ#ɕ$#%$%0#ÿĨ#ĩ̾#&#Ɂĩ#Ĩ%Ɇ#ɇą#-#Ĳ#ĩ#Ĵ#/#Ƒ.#/.Ĩ#ĩĨ,#-̰#9#8#9#8#9#u#7#6#7#6#7#ʡɆ#ɇɆ#.#ɟ#,#$Ɇ#ɇƒ#Ɇ##$#%ɇ#####Ɇ#.$#%ɡ$#%ɢ%#$1#.$ɕ#Ɇ#ɕ$.#/%#$ɞ$#%/#0%ɓ#Ɇ#ɕ$#%$%0#ɗĦ#ħ͌ɇ#Ɇĵĩ#ĨTɆ#ɇř#/#Ĳ#ħ#Ĳ#/#ě.#/.Ħ#ħĦ.#/ǒ#7#6#7#6#7#Å#7#6#7#6#7#ąɆ#ɇɈ#,#ɟ#.#$'#&ȃ####ȸ$#%$%#$ʯ$#%Ô%#$$#Ǹ#˛##ɤ#ǻ#$#%#Ǻ#˝$#%Ă$#%$#Ǻ#ʁ##Ʉǻ#ǺÒ#ǹ#Ǹǻ#Ǻɥ##˚#ǻ#W#ž#ơ#B#ž#ǿ#ц̢#̣)̪#̫σ­#¬,­#¬£#Ç#@#Æ$ώȋ#Ȋѽ#Î$ώƌ#ƍЁÆ#ÇÌ#&%ҾȈ#ȉ֕%¤#{)I&Ê$¥#¨)K(½#(#¼£4p#Å#.#Â##Â#e$&%w$'%=)$(ޚ#{#z#{#z#{#z#{#z#{#z#{#z#{#z#{#z#{#z#{#Ô#}#|#}#|#}#|#}#|#}#|#}#|#}#|#}#|#}#|#}#ܓ#.#/#.$1#0#=#0%/#.#/#.#1$.#*$.#1#0#1#0%/#.#/#.#1$.#G#0#/%0#/#.#/#.###.$/%0#/#.#z#w#¨#Ɇ#####×Ɇ#ɇ:ȼ#Ƚ¨ȃ#Ȃ<Ƚ#ȼȅȂ#ȃŞ#'#ɀ#Ƚ#ɀ#'#ȵ#'#ɀ#Ƚ#ɀ#'#ƭ&#'ȃȂ#ȃ'&#'Ȇ&#'ȃȂ#ȃ'&#'ą&#'ĐȂ#ȃă&#'̂#Ƚ#Μ#Ƚ#ɗ&#'ĐȂ#ȃÿ&#'˜#ȯ#ā#Č#~ȶȯ#Ȯ'#ȯ#¡ ()( A4#5Ȯ#ȯ4#5Ȯ#ȯ#5#ʪ#ȯ##5#t##D%#$«#Æ#Ǩ%#$ʍ###Ѵ#ƌ%Ӆ###ڬ###ڧ#$$Һ$Ȉ#ݕ-/,K%#L'9(8%&O5'44(5)0&L#É$=-.,ł$É#d0/11,.Ń¦.M5ª.Ä-Ç4ÀФ#}#|#}#|#}#|#}#|#}#|#}#|#}#|#}#|#}#|#}#Ô#{#z#{#z#{#z#{#z#{#z#{#z#{#z#{#z#{#z#{#Ô#}#|#}#|#}#|#}#|#}#|#}#|#}#|#}#|#}#|#}#Ô#{#z#{#z#{#z#{#z#{#z#{#z#{#z#{#z#{#z#{#Ò#{#z#{#z#{#z#{#z#{#z#{#z#{#z#{#z#{#z#{#Ô#}#|#}#|#}#|#}#|#}#|#}#|#}#|#}#|#}#Ô#{#z#{#z#{#z#{#z#{#z#{#z#{#z#{#z#{#z#{#Ô#}#|#}#|#}#|#}#|#}#|#}#|#}#|#}#|#}#|#}#{#}#օ1#Æ#/½)'Ø#/ų-,ʖ01ť('Ű/#ǧ#)о$%ѡ'$Ⱦ$#ƿ#(Ϛ$%̼##ա$#ʉ##Ҫ$.΅#%͸#0΅#%Ά#/љ%$Ȩ#,ƻ%#ƾ/,ŕ$#Ŕ/.È$%Ƭ#/ơ#$Ɯ0/ơ#$Ɯ01ɛ#.%.%+#/8#/-.#%#,Ⱦ./Ɠ##ƒ.-λ$#ς#-ƕ##×/.ƕ$#ƒ/.Ö#.ï#.Ö#.ƒ#-Ɖ#/ƒ#.Ϗ#,θ$,σ/,Ɣ##Ɠ/.ζ$%Ƈ#/×##Ö./ƒ$%Ɠ./ɓ#,-.%$#/"
            } ],
            "Indices" : "#%%%%%&'%%%%&'%%%%&'%%%%&'%%%%&'%%%%&'%%%%&'%%%%&'%%%%&'%%%%&'%%%%&'%%%%&'%%%%&'%%%%&'%%%%&'%%%%&'%%%%&'%%%%&'%%%%&'%%%%&'%%%%&'%%%%&'%%%%&'%%%%&'%%%%&'%%%%&'%%%%&'%%%%&'%%%%&'%%%%&'%%%%&'%%%%&'%%%%&'%%%%&'%%%%&'%%%%&'%%%%&'%%%%&'%%%%&'%%%%&'%%%%&'%%%%&'%%%%&'%%%%&'%%%%&'%%%%&'%%%%&'%%%%&'%%%%&'%%%%&'%%%%&'%%%%&'%%%%&'%%%%&'%%%%&'%%%%&'%%%%&'%%%%&'%%%%&'%%%%&'%%%%&'%%%%&'%%%%&'%%%%&'%%%%&'%%%%&'%%%%&'%%%%&'%%%%&'%%%%&'%%%%&'%%%%&'%%%%&'%%%%&'%%%%&'%%%%&'%%%%&'%%%%&'%%%%&'%%%%&'%%%%&'%%%%&'%%%%&'%%%%&'%%%%&'%%%%&'%%%%&'%%%%&'%%%%&'%%%%&'%%%%&'%%%%&'%%%%&'%%%%&'%%%%&'%%%%&'%%%%&'%%%%&'%%%%&'%%%%&'%%%%&'%%%%&'%%%%&'%%%%&'%%%%&'%%%%&'%%%%&'%%%%&'%%%%&'%%%%&'%%%%&'%%%%&'%%%%&'%%%%&'%%%%&'%%%%&'%%%%&'%%%%&'%%%%&'%%%%&'%%%%&'%%%%&'%%%%&'%%%%&'%%%%&'%%%%&'%%%%&'%%%%&'%%%%&'%%%%&'%%%%&'%%%%&'%%%%&'%%%%&'%%%%&'%%%%&'%%%%&'%%%%&'%%%%&'%%%%&'%%%%&'%%%%&'%%%%&'%%%%&'%%%%&'%%%%&'%%%%&'%%%%&'%%%%&'%%%%&'%%%%&'%%%%&'%%%%&'%%%%&'%%%%&'%%%%&'%%%%&'%%%%&'%%%%&'%%%%&'%%%%&'%%%%&'%%%%&'%%%%&'%%%%&'%%%%&'%%%%&'%%%%&'%%%%&'%%%%&'%%%%&'%%%%&'%%%%&'%%%%&'%%%%&'%%%%&'%%%%&'%%%%&'%%%%&'%%%%&'%%%%&'%%%%&'%%%%&'%%%%&'%%%%&'%%%%&'%%%%&'%%%%&'%%%%&'%%%%&'%%%%&'%%%%&'%%%%&'%%%%&'%%%%&'%%%%&'%%%%&'%%%%&'%%%%&'%%%%&'%%%%&'%%%%&'%%%%&'%%%%&'%%%%&'%%%%&'%%%%&'%%%%&'%%%%&'%%%%&'%%%%&'%%%%&'%%%%&'%%%%&'%%%%&'%%%%&'%%%%&'%%%%&'%%%%&'%%%%&'%%%%&'%%%%&'%%%%&'%%%%&'%%%%&'%%%%&'%%%%&'%%%%&'%%%%&'%%%%&'%%%%&'%%%%&'%%%%&'%%%%&'%%%%&'%%%%&'%%%%&'%%%%&'%%%%&'%%%%&'%%%%&'%%%%&'%%%%&'%%%%&'%%%%&'%%%%&'%%%%&'%%%%&'%%%%&'%%%%&'%%%%&'%%%%&'%%%%&'%%%%&'%%%%&'%%%%&'%%%%&'%%%%&'%%%%&'%%%%&'%%%%&'%%%%&'%%%%&'%%%%&'%%%%&'%%%%&'%%%%&'%%%%&'%%%%&'%%%%&'%%%%&'%%%%&'%%%%&'%%%%&'%%%%&'%%%%&'%%%%&'%%%%&'%%%%&'%%%%&'%%%%&'%%%%&'%%%%&'%%%%&'%%%%&'%%%%&'%%%%&'%%%%&'%%%%&'%%%%&'%%%%&'%%%%&'%%%%&'%%%%&'%%%%&'%%%%&'%%%%&'%%%%&'%%%%&'%%%%&'%%%%&'%%%%&'%%%%&'%%%%&'%%%%&'%%%%&'%%%%&'%%%%&'%%%%&'%%%%&'%%%%&'%%%%&'%%%%&'%%%%&'%%%%&'%%%%&'%%%%&'%%%%&'%%%%&'%%%%&'%%%%&'%%%%&'%%%%&'%%%%&'%%%%&'%%%%&'%%%%&'%%%%&'%%%%&'%%%%&'%%%%&'%%%%&'%%%%&'%%%%&'%%%%&'%%%%&'%%%%&'%%%%&'%%%%&'%%%%&'%%%%&'%%%%&'%%%%&'%%%%&'%%%%&'%%%%&'%%%%&'%%%%&'%%%%&'%%%%&'%%%%&'%%%%&'%%%%&'%%%%&'%%%%&'%%%%&'%%%%&'%%%%&'%%%%&'%%%%&'%%%%&'%%%%&'%%%%&'%%%%&'%%%%&'%%%%&'%%%%&'%%%%&'%%%%&'%%%%&'%%%%&'%%%%&'%%%%&'%%%%&'%%%%&'%%%%%%%%%%%%%%%%%%%%%%%%%%%%%%%%%%%%%%%%%%%%%%%%%%%%%%%%%%%%%%%%%%%%%%%%%%%%%%%%%%%%%%%%%%%%%%%%%%%%%%%%%%%%%%%%%%%%%%%%%%%%%%%%%%%%%%%%%%%%%%%%%%%%%%%%%%%%%%%%%%%%%%%%%%%%%%%%%%%%%%%%%%%%%%%%%%%%%%%%%%%%%%%%",
            "IndexModes" : [ "Triangles" ],
            "IndexLengths" : [ 2460 ]
          }
        } ]
      } ]
    } ]
  }
}